feedback_id,customer_feedback
1,The delivery was very late and the support team did not respond.
2,I love the product! It works perfectly and the packaging was great.
3,The app keeps crashing every time I open it. Very frustrating.
4,Customer service was polite and helpful.
5,Not satisfied with the billing process. Too complicated.
6,Fast delivery and excellent quality!
7,Received a defective item. Had to return it.
8,Website is confusing and hard to navigate.
9,Great experience overall. Will recommend to others.
10,Prices are too high compared to other brands.
11,Product quality is poor compared to my previous purchase.
12,Customer care quickly resolved my issue. Very happy!
13,Shipping was delayed for two weeks. Unacceptable service.
14,The new update made the app much faster and easier to use.
15,The packaging was damaged but the product was fine.
16,Support team was rude and unhelpful.
17,Ordering process was smooth and simple.
18,Refund took too long to process.
19,Love the new design of the product. Looks premium!
20,The website frequently crashes during checkout.
21,Received wrong item. Need better quality control.
22,App interface is user-friendly and intuitive.
23,Customer support agent went above and beyond to help.
24,The pricing is fair and the discounts are attractive.
25,Still waiting for a response from the support team.
26,Product didnâ€™t match the description.
27,Delivery person was polite and professional.
28,Had issues logging into my account after update.
29,Absolutely love the performance and battery life.
30,The return policy is confusing and unclear.
31,Product arrived earlier than expected. Great service!
32,Too many ads in the mobile app. Very annoying.
33,Very disappointed with the durability of the product.
34,Excellent product quality and fast replacement process.
35,Website layout is clean and easy to browse.
36,Delivery charges are too high for small items.
37,Had to contact support multiple times for the same issue.
38,My issue was resolved quickly through chat support.
39,Product works well but setup instructions were unclear.
40,Not happy with the color difference from what was shown online.
